Node ID,Staked Amount,Staked Ticks,Node Created Timestamp,Successful Validations,Unsuccessful Validations
xK9dJ7tP,541,35,1637540088,73,6
vM8cF9zB,222,19,1622334791,48,17
pA6kV5nX,889,47,1612715161,59,19
zN8tS3pY,129,41,1620590804,26,10
wR7sT6xJ,467,6,1660986942,69,1
eD2zC9xQ,631,84,1626718099,82,15
nF6bZ2mT,679,49,1621675798,51,3
tS3pW8fC,854,94,1654276667,11,16
yJ9tX5kH,296,13,1645941865,95,9
hB8dN7vK,343,15,1638703317,94,4
gM4nX9pD,759,11,1651548692,76,14
fN5bT2mS,921,23,1638344850,66,11
aJ8rZ6wL,422,36,1641092498,91,5
bK9sV3xR,175,31,1660243285,34,21
cL6dM2pF,648,43,1652871489,77,18
dN7tZ1vQ,292,28,1630731436,89,2
sT4pW9fC,429,48,1613837544,68,13
mF8bC5zT,536,32,1617761716,52,7
jK3rX2wP,388,16,1645782563,90,8
kS9pY6tN,785,38,1639328567,72,12
